,formula,species_name,mass,charge,ionisation_potential,dipole_moment,N_atoms,block_s,block_p,block_d,block_f,group_IA,group_IB,group_IIA,group_IIB,group_IIIA,group_IIIB,group_IVA,group_IVB,group_VA,group_VB,group_VIA,group_VIB,group_VIIA,group_VIIB,group_VIIIA,group_VIIIB
0,H2,Hydrogen diatomic,2.016,0,15.425927,0,2,2,0,0,0,2,0,0,0,0,0,0,0,0,0,0,0,0,0,0,0
1,D2,Deuterium diatomic,4.028203556,0,,0,2,2,0,0,0,2,0,0,0,0,0,0,0,0,0,0,0,0,0,0,0
2,LiH,Lithium Hydride,7.948,0,,5.88,2,2,0,0,0,1,0,0,0,0,0,0,0,0,0,0,0,0,0,0,0
3,Li2,Lithium diatomic,13.88,0,,0,2,2,0,0,0,0,0,0,0,0,0,0,0,0,0,0,0,0,0,0,0
4,Be2,Beryllium diatomic,18.0243662,0,,0,2,2,0,0,0,0,0,2,0,0,0,0,0,0,0,0,0,0,0,0,0
5,BH,Boron monohydride,11.818,0,,1.27,2,1,1,0,0,1,0,0,0,1,0,0,0,0,0,0,0,0,0,0,0
6,CH,Methylidyne,13.019,0,10.64,1.46,2,1,1,0,0,1,0,0,0,0,0,1,0,0,0,0,0,0,0,0,0
7,C2,Carbon diatomic,24.022,0,11.41,0,2,0,2,0,0,0,0,0,0,0,0,2,0,0,0,0,0,0,0,0,0
8,NH+,imidogen cation,15.015,1,,1.477,2,1,1,0,0,1,0,0,0,0,0,0,0,1,0,0,0,0,0,0,0
9,CN,Cyano radical,26.018,0,14.17,1.45,2,0,2,0,0,0,0,0,0,0,0,1,0,1,0,0,0,0,0,0,0
10,N2,Nitrogen diatomic,28.014,0,15.581,0,2,0,2,0,0,0,0,0,0,0,0,0,0,2,0,0,0,0,0,0,0
11,N2,Nitrogen diatomic,28.014,0,15.581,0,2,0,2,0,0,0,0,0,0,0,0,0,0,2,0,0,0,0,0,0,0
12,OH,Hydroxyl radical,17.007,0,13.017,1.668,2,1,1,0,0,1,0,0,0,0,0,0,0,0,0,1,0,0,0,0,0
13,LiO,lithium oxide,22.939,0,,6.843,2,1,1,0,0,0,0,0,0,0,0,0,0,0,0,1,0,0,0,0,0
14,CO,Carbon monoxide,28.01,0,14.0142,0.112,2,0,2,0,0,0,0,0,0,0,0,1,0,0,0,1,0,0,0,0,0
15,CO,Carbon monoxide,28.01,0,14.0142,1.375,2,0,2,0,0,0,0,0,0,0,0,1,0,0,0,1,0,0,0,0,0
16,NO,Nitric oxide,30.006,0,9.26438,0.159,2,0,2,0,0,0,0,0,0,0,0,0,0,1,0,1,0,0,0,0,0
18,O2,Oxygen diatomic,31.998,0,12.0697,0,2,0,2,0,0,0,0,0,0,0,0,0,0,0,0,2,0,0,0,0,0
19,HF,Hydrogen fluoride,20.00640316,0,,1.827,2,1,1,0,0,1,0,0,0,0,0,0,0,0,0,0,0,1,0,0,0
20,LiF,lithium fluoride,25.93840316,0,,6.284,2,1,1,0,0,0,0,0,0,0,0,0,0,0,0,0,0,1,0,0,0
21,BF,Boron monofluoride,29.80840316,0,,0.5,2,0,2,0,0,0,0,0,0,1,0,0,0,0,0,0,0,1,0,0,0
22,CF,Fluoromethylidyne,31.00940316,0,9.4,0.645,2,0,2,0,0,0,0,0,0,0,0,1,0,0,0,0,0,1,0,0,0
23,NF,nitrogen fluoride,33.00540316,0,12.1,0.37,2,0,2,0,0,0,0,0,0,0,0,0,0,1,0,0,0,1,0,0,0
24,FO,Oxygen monofluoride,34.99740316,0,12.78,0.004,2,0,2,0,0,0,0,0,0,0,0,0,0,0,0,1,0,1,0,0,0
25,F2,Fluorine diatomic,37.99680633,0,15.697,0,2,0,2,0,0,0,0,0,0,0,0,0,0,0,0,0,0,2,0,0,0
26,NaH,sodium hydride,23.99776928,0,,6.4,2,2,0,0,0,2,0,0,0,0,0,0,0,0,0,0,0,0,0,0,0
27,NaLi,lithium sodium,29.92976928,0,,0.46,2,2,0,0,0,1,0,0,0,0,0,0,0,0,0,0,0,0,0,0,0
28,Na2,Sodium diatomic,45.97953856,0,,0,2,2,0,0,0,2,0,0,0,0,0,0,0,0,0,0,0,0,0,0,0
29,NaF,sodium fluoride,41.98817244,0,,8.123,2,1,1,0,0,1,0,0,0,0,0,0,0,0,0,0,0,1,0,0,0
30,Mg2,Magnesium diatomic,48.61,0,,0,2,2,0,0,0,0,0,2,0,0,0,0,0,0,0,0,0,0,0,0,0
31,Al2,Aluminum diatomic,53.9630768,0,,0,2,0,2,0,0,0,0,0,0,2,0,0,0,0,0,0,0,0,0,0,0
32,AlF,Aluminum monofluoride,45.97994156,0,,1.53,2,0,2,0,0,0,0,0,0,1,0,0,0,0,0,0,0,1,0,0,0
33,Si2,Silicon diatomic,56.17,0,,0,2,0,2,0,0,0,0,0,0,0,0,2,0,0,0,0,0,0,0,0,0
34,SiO,Silicon monoxide,44.084,0,11.3,3.088,2,0,2,0,0,0,0,0,0,0,0,1,0,0,0,1,0,0,0,0,0
35,P2,Phosphorus diatomic,61.947524,0,,0,2,0,2,0,0,0,0,0,0,0,0,0,0,2,0,0,0,0,0,0,0
36,PN,Phosphorus mononitride,44.980762,0,11.88,2.751,2,0,2,0,0,0,0,0,0,0,0,0,0,2,0,0,0,0,0,0,0
37,PO,Phosphorus monoxide,46.972762,0,8.39,1.88,2,0,2,0,0,0,0,0,0,0,0,0,0,1,0,1,0,0,0,0,0
38,HS,Mercapto radical,33.068,0,10.4219,0.758,2,1,1,0,0,1,0,0,0,0,0,0,0,0,0,1,0,0,0,0,0
39,DS,Mercapto-d,34.07410178,0,,0.757,2,1,1,0,0,1,0,0,0,0,0,0,0,0,0,1,0,0,0,0,0
40,SiS,silicon monosulfide,60.145,0,10.53,1.73,2,0,2,0,0,0,0,0,0,0,0,1,0,0,0,1,0,0,0,0,0
41,CS,carbon monosulfide,44.071,0,11.335,1.958,2,0,2,0,0,0,0,0,0,0,0,1,0,0,0,1,0,0,0,0,0
42,NS,Mononitrogen monosulfide,46.067,0,9.85,1.81,2,0,2,0,0,0,0,0,0,0,0,0,0,1,0,1,0,0,0,0,0
43,SO,Sulfur monoxide,48.059,0,10.294,1.55,2,0,2,0,0,0,0,0,0,0,0,0,0,0,0,2,0,0,0,0,0
44,SO,Sulfur monoxide,48.059,0,10.294,1.31,2,0,2,0,0,0,0,0,0,0,0,0,0,0,0,2,0,0,0,0,0
45,S2,Sulfur diatomic,64.12,0,9.4,0,2,0,2,0,0,0,0,0,0,0,0,0,0,0,0,2,0,0,0,0,0
46,SF,Monosulfur monofluoride,51.05840316,0,10.16,0.794,2,0,2,0,0,0,0,0,0,0,0,0,0,0,0,1,0,1,0,0,0
47,HCl,Hydrogen chloride,36.458,0,12.79,1.093,2,1,1,0,0,1,0,0,0,0,0,0,0,0,0,0,0,1,0,0,0
48,NaCl,Sodium Chloride,58.43976928,0,,8.971,2,1,1,0,0,1,0,0,0,0,0,0,0,0,0,0,0,1,0,0,0
49,LiCl,lithium chloride,42.39,0,,7.085,2,1,1,0,0,0,0,0,0,0,0,0,0,0,0,0,0,1,0,0,0
50,ClO,Monochlorine monoxide,51.449,0,10.885,1.239,2,0,2,0,0,0,0,0,0,0,0,0,0,0,0,1,0,1,0,0,0
51,ClF,Chlorine monofluoride,54.44840316,0,,0.88,2,0,2,0,0,0,0,0,0,0,0,0,0,0,0,0,0,2,0,0,0
52,Cl2,Chlorine diatomic,70.9,0,11.481,0,2,0,2,0,0,0,0,0,0,0,0,0,0,0,0,0,0,2,0,0,0
53,ArH+,Argon hydride cation,40.958,1,,2.84,2,1,1,0,0,1,0,0,0,0,0,0,0,0,0,0,0,0,0,1,0
54,NaK,Sodium Potassium,62.08806928,0,,2.667,2,2,0,0,0,2,0,0,0,0,0,0,0,0,0,0,0,0,0,0,0
55,LiK,Lithium Potassium,46.0383,0,,3.45,2,2,0,0,0,1,0,0,0,0,0,0,0,0,0,0,0,0,0,0,0
56,KF,Potassium Fluoride,58.09670316,0,,8.558,2,1,1,0,0,1,0,0,0,0,0,0,0,0,0,0,0,1,0,0,0
57,KCl,Potassium Chloride,74.5483,0,,10.239,2,1,1,0,0,1,0,0,0,0,0,0,0,0,0,0,0,1,0,0,0
58,CaCl,calcium monochloride,75.528,0,,4.265,2,1,1,0,0,0,0,1,0,0,0,0,0,0,0,0,0,1,0,0,0
59,ScH,Scandium monohydride,45.963908,0,,1.74,2,1,0,1,0,1,0,0,0,0,1,0,0,0,0,0,0,0,0,0,0
60,CuO,Copper Monoxide,79.545,0,,4.5,2,0,1,1,0,0,1,0,0,0,0,0,0,0,0,1,0,0,0,0,0
61,CuF,Copper monofluoride,82.54440316,0,,5.77,2,0,1,1,0,0,1,0,0,0,0,0,0,0,0,0,0,1,0,0,0
62,GaF,Gallium monofluoride,88.72140316,0,,2.45,2,0,2,0,0,0,0,0,0,1,0,0,0,0,0,0,0,1,0,0,0
63,GeO,Germanium monoxide,88.629,0,,3.272,2,0,2,0,0,0,0,0,0,0,0,1,0,0,0,1,0,0,0,0,0
64,GeS,Germanium monosulfide,104.69,0,,2,2,0,2,0,0,0,0,0,0,0,0,1,0,0,0,1,0,0,0,0,0
65,HSe,Selenium monohydride,79.979,0,,0.49,2,1,1,0,0,1,0,0,0,0,0,0,0,0,0,1,0,0,0,0,0
66,GeSe,Germanium monoselenide,151.601,0,,1.648,2,0,2,0,0,0,0,0,0,0,0,1,0,0,0,1,0,0,0,0,0
67,SeO,Selenium monoxide,94.97,0,,2.01,2,0,2,0,0,0,0,0,0,0,0,0,0,0,0,2,0,0,0,0,0
68,SeF,Selenium monofluoride,97.96940316,0,,1.52,2,0,2,0,0,0,0,0,0,0,0,0,0,0,0,1,0,1,0,0,0
69,HBr,hydrogen bromide,80.912,0,11.71,0.827,2,1,1,0,0,1,0,0,0,0,0,0,0,0,0,0,0,1,0,0,0
70,LiBr,Lithium Bromide,86.844,0,,7.226,2,1,1,0,0,0,0,0,0,0,0,0,0,0,0,0,0,1,0,0,0
71,NaBr,Sodium Bromide,102.8937693,0,,9.092,2,1,1,0,0,1,0,0,0,0,0,0,0,0,0,0,0,1,0,0,0
72,KBr,Potassium Bromide,119.0023,0,,10.603,2,1,1,0,0,1,0,0,0,0,0,0,0,0,0,0,0,1,0,0,0
73,BrO,Bromine monoxide,95.903,0,,1.61,2,0,2,0,0,0,0,0,0,0,0,0,0,0,0,1,0,1,0,0,0
74,BrCl,Bromine monochloride,115.354,0,11.1,0.519,2,0,2,0,0,0,0,0,0,0,0,0,0,0,0,0,0,2,0,0,0
75,BrF,Bromine monofluoride,98.90240316,0,,1.422,2,0,2,0,0,0,0,0,0,0,0,0,0,0,0,0,0,2,0,0,0
76,Br2,Bromine diatomic,159.808,0,10.518,0,2,0,2,0,0,0,0,0,0,0,0,0,0,0,0,0,0,2,0,0,0
77,HI,Hydrogen iodide,127.91247,0,,0.448,2,1,1,0,0,1,0,0,0,0,0,0,0,0,0,0,0,1,0,0,0
78,LiI,Lithium Iodide,133.84447,0,,7.429,2,1,1,0,0,0,0,0,0,0,0,0,0,0,0,0,0,1,0,0,0
79,KI,Potassium Iodide,166.00277,0,,10.82,2,1,1,0,0,1,0,0,0,0,0,0,0,0,0,0,0,1,0,0,0
80,NaI,Sodium Iodide,149.8942393,0,,9.236,2,1,1,0,0,1,0,0,0,0,0,0,0,0,0,0,0,1,0,0,0
81,I2,Iodine diatomic,253.80894,0,,0,2,0,2,0,0,0,0,0,0,0,0,0,0,0,0,0,0,2,0,0,0
82,IBr,Iodine monobromide,206.80847,0,,0.737,2,0,2,0,0,0,0,0,0,0,0,0,0,0,0,0,0,2,0,0,0
83,ICl,Iodine monochloride,162.35447,0,,1.207,2,0,2,0,0,0,0,0,0,0,0,0,0,0,0,0,0,2,0,0,0
84,IF,Iodine monofluoride,145.9028732,0,,1.948,2,0,2,0,0,0,0,0,0,0,0,0,0,0,0,0,0,2,0,0,0
85,BeH2,beryllium dihydride,11.0281831,0,,0,3,3,0,0,0,2,0,1,0,0,0,0,0,0,0,0,0,0,0,0,0
86,C3,carbon trimer,36.033,0,,0,3,0,3,0,0,0,0,0,0,0,0,3,0,0,0,0,0,0,0,0,0
87,HNC,hydrogen isocyanide,27.026,0,13.71,3.05,3,1,2,0,0,1,0,0,0,0,0,1,0,1,0,0,0,0,0,0,0
88,HCN,Hydrogen cyanide,27.026,0,13.71,2.98,3,1,2,0,0,1,0,0,0,0,0,1,0,1,0,0,0,0,0,0,0
89,H2O,Water,18.015,0,12.615,1.857,3,2,1,0,0,2,0,0,0,0,0,0,0,0,0,1,0,0,0,0,0
90,D2O,Deuterium oxide,20.02720356,0,,1.855,3,2,1,0,0,2,0,0,0,0,0,0,0,0,0,1,0,0,0,0,0
91,HDO,Water-d1,19.02110178,0,,1.852,3,2,1,0,0,2,0,0,0,0,0,0,0,0,0,1,0,0,0,0,0
92,LiOH,lithium hydroxide,23.947,0,,4.755,3,2,1,0,0,1,0,0,0,0,0,0,0,0,0,1,0,0,0,0,0
93,HCO+,Formyl cation,29.018,1,,2.916,3,1,2,0,0,1,0,0,0,0,0,1,0,0,0,1,0,0,0,0,0
94,HNO,Nitrosyl hydride,31.014,0,10.1,1.67,3,1,2,0,0,1,0,0,0,0,0,0,0,1,0,1,0,0,0,0,0
95,BO2,Boron dioxide,42.808,0,,0,3,0,3,0,0,0,0,0,0,1,0,0,0,0,0,2,0,0,0,0,0
96,NCO,isocyanato radical,42.017,0,11.759,0.64,3,0,3,0,0,0,0,0,0,0,0,1,0,1,0,1,0,0,0,0,0
97,N2O,Nitrous oxide,44.013,0,12.89,0.161,3,0,3,0,0,0,0,0,0,0,0,0,0,2,0,1,0,0,0,0,0
98,CO2,Carbon dioxide,44.009,0,13.778,0,3,0,3,0,0,0,0,0,0,0,0,1,0,0,0,2,0,0,0,0,0
99,NO2,Nitrogen dioxide,46.005,0,9.6,0.316,3,0,3,0,0,0,0,0,0,0,0,0,0,1,0,2,0,0,0,0,0
100,O3,Ozone,47.997,0,12.43,0.53,3,0,3,0,0,0,0,0,0,0,0,0,0,0,0,3,0,0,0,0,0
101,HOF,Hypofluorous acid,36.00540316,0,,2.23,3,1,2,0,0,1,0,0,0,0,0,0,0,0,0,1,0,1,0,0,0
102,FCN,Cyanogen fluoride,45.01640316,0,,2.17,3,0,3,0,0,0,0,0,0,0,0,1,0,1,0,0,0,1,0,0,0
103,CF2,Difluoromethylene,50.00780633,0,,0.469,3,0,3,0,0,0,0,0,0,0,0,1,0,0,0,0,0,2,0,0,0
104,FNO,Nitrosyl fluoride,49.00440316,0,12.63,1.81,3,0,3,0,0,0,0,0,0,0,0,0,0,1,0,1,0,1,0,0,0
105,NF2,Difluoroamino radical,52.00380633,0,11.8,0.136,3,0,3,0,0,0,0,0,0,0,0,0,0,1,0,0,0,2,0,0,0
106,F2O,Difluorine monoxide,53.99580633,0,13.11,0.297,3,0,3,0,0,0,0,0,0,0,0,0,0,0,0,1,0,2,0,0,0
107,MgH2,magnesium dihydride,26.321,0,,0,3,3,0,0,0,2,0,1,0,0,0,0,0,0,0,0,0,0,0,0,0
108,SiC2,Silicon dicarbide,52.107,0,10.1,2.393,3,0,3,0,0,0,0,0,0,0,0,3,0,0,0,0,0,0,0,0,0
109,SiO2,silicon dioxide,60.083,0,,0,3,0,3,0,0,0,0,0,0,0,0,1,0,0,0,2,0,0,0,0,0
110,SiF2,Silicon difluoride,66.08180633,0,10.78,1.23,3,0,3,0,0,0,0,0,0,0,0,1,0,0,0,0,0,2,0,0,0
111,HCP,Phosphaethyne,43.992762,0,10.79,0.39,3,1,2,0,0,1,0,0,0,0,0,1,0,1,0,0,0,0,0,0,0
112,H2S,Hydrogen sulfide,34.076,0,10.36001,0.977,3,2,1,0,0,2,0,0,0,0,0,0,0,0,0,1,0,0,0,0,0
113,HBS,hydrogen boron sulfide,43.878,0,,1.298,3,1,2,0,0,1,0,0,0,1,0,0,0,0,0,1,0,0,0,0,0
114,OCS,Carbonyl sulfide,60.07,0,11.185,0.715,3,0,3,0,0,0,0,0,0,0,0,1,0,0,0,2,0,0,0,0,0
115,CS2,Carbon disulfide,76.131,0,,0,3,0,3,0,0,0,0,0,0,0,0,1,0,0,0,2,0,0,0,0,0
116,SSO,Disulfur monoxide,80.119,0,,1.47,3,0,3,0,0,0,0,0,0,0,0,0,0,0,0,3,0,0,0,0,0
117,FSN,Thiazyl fluoride,65.06540316,0,,1.902,3,0,3,0,0,0,0,0,0,0,0,0,0,1,0,1,0,1,0,0,0
118,SO2,Sulfur dioxide,64.058,0,12.5,1.633,3,0,3,0,0,0,0,0,0,0,0,0,0,0,0,3,0,0,0,0,0
119,SF2,sulfur difluoride,70.05680633,0,10.08,1.05,3,0,3,0,0,0,0,0,0,0,0,0,0,0,0,1,0,2,0,0,0
121,HOCl,hypochlorous acid,52.457,0,11.12,1.507,3,1,2,0,0,1,0,0,0,0,0,0,0,0,0,1,0,1,0,0,0
122,ClCN,chlorocyanogen,61.468,0,,2.82,3,0,3,0,0,0,0,0,0,0,0,1,0,1,0,0,0,1,0,0,0
123,ClNO,Nitrosyl chloride,65.456,0,,1.866,3,0,3,0,0,0,0,0,0,0,0,0,0,1,0,1,0,1,0,0,0
124,OClO,Chlorine dioxide,67.448,0,10.33,1.792,3,0,3,0,0,0,0,0,0,0,0,0,0,0,0,2,0,1,0,0,0
125,SCl2,Sulfur dichloride,102.96,0,,0.36,3,0,3,0,0,0,0,0,0,0,0,0,0,0,0,1,0,2,0,0,0
126,TiO2,Titanium dioxide,79.865,0,,6.33,3,0,2,1,0,0,0,0,0,0,0,0,1,0,0,2,0,0,0,0,0
127,GeF2,Germanium difluoride,110.6268063,0,,2.61,3,0,3,0,0,0,0,0,0,0,0,1,0,0,0,0,0,2,0,0,0
128,H2Se,Hydrogen selenide,80.987,0,,0.627,3,2,1,0,0,2,0,0,0,0,0,0,0,0,0,1,0,0,0,0,0
129,SCSe,Carbon sulfide selenide,123.042,0,,0.031,3,0,3,0,0,0,0,0,0,0,0,1,0,0,0,2,0,0,0,0,0
130,OCSe,Carbonyl selenide,106.981,0,,0.754,3,0,3,0,0,0,0,0,0,0,0,1,0,0,0,2,0,0,0,0,0
131,SeO2,Selenium dioxide,110.969,0,,2.62,3,0,3,0,0,0,0,0,0,0,0,0,0,0,0,3,0,0,0,0,0
132,HOBr,Hypobromous acid,96.911,0,,1.384,3,1,2,0,0,1,0,0,0,0,0,0,0,0,0,1,0,1,0,0,0
133,SCTe,Carbon sulfide Telluride,171.671,0,,0.172,3,0,3,0,0,0,0,0,0,0,0,1,0,0,0,2,0,0,0,0,0
134,BH3,boron trihydride,13.834,0,,0,4,3,1,0,0,3,0,0,0,1,0,0,0,0,0,0,0,0,0,0,0
135,CH3,Methyl radical,15.035,0,9.843,0,4,3,1,0,0,3,0,0,0,0,0,1,0,0,0,0,0,0,0,0,0
136,C2H2,Acetylene,26.038,0,11.41,0,4,2,2,0,0,2,0,0,0,0,0,2,0,0,0,0,0,0,0,0,0
137,NH3,Ammonia,17.031,0,10.02,1.476,4,3,1,0,0,3,0,0,0,0,0,0,0,1,0,0,0,0,0,0,0
138,N2H2,(E)-diazene,30.03,0,9.65,0,4,2,2,0,0,2,0,0,0,0,0,0,0,2,0,0,0,0,0,0,0
139,HN3,hydrogen azide,43.029,0,,1.7,4,1,3,0,0,1,0,0,0,0,0,0,0,3,0,0,0,0,0,0,0
140,C2N2,Cyanogen,52.036,0,13.5,0,4,0,4,0,0,0,0,0,0,0,0,2,0,2,0,0,0,0,0,0,0
141,H2CO,Formaldehyde,30.026,0,10.88,2.332,4,2,2,0,0,2,0,0,0,0,0,1,0,0,0,1,0,0,0,0,0
142,H2O2,Hydrogen peroxide,34.014,0,10.62,1.77,4,2,2,0,0,2,0,0,0,0,0,0,0,0,0,2,0,0,0,0,0
143,H2O2,Hydrogen peroxide,34.014,0,10.62,0,4,2,2,0,0,2,0,0,0,0,0,0,0,0,0,2,0,0,0,0,0
145,HCNO,fulminic acid,43.025,0,10.83,3.06,4,1,3,0,0,1,0,0,0,0,0,1,0,1,0,1,0,0,0,0,0
146,B2O2,Diboron dioxide,53.618,0,,0,4,0,4,0,0,0,0,0,0,2,0,0,0,0,0,2,0,0,0,0,0
147,NH2F,monofluoroamine,35.02140316,0,,2.27,4,2,2,0,0,2,0,0,0,0,0,0,0,1,0,0,0,1,0,0,0
148,HCCF,Fluoroacetylene,44.02840316,0,,0.73,4,1,3,0,0,1,0,0,0,0,0,2,0,0,0,0,0,1,0,0,0
149,HFCO,formyl fluoride,48.01640316,0,,2.081,4,1,3,0,0,1,0,0,0,0,0,1,0,0,0,1,0,1,0,0,0
150,BHF2,Difluoroborane,49.81480633,0,,0.971,4,1,3,0,0,1,0,0,0,1,0,0,0,0,0,0,0,2,0,0,0
151,NHF2,difluoramine,53.01180633,0,,1.92,4,1,3,0,0,1,0,0,0,0,0,0,0,1,0,0,0,2,0,0,0
152,FNO2,Nitryl fluoride,65.00340316,0,,0.466,4,0,4,0,0,0,0,0,0,0,0,0,0,1,0,2,0,1,0,0,0
153,N2F2,(Z)-Difluorodiazene,66.01080633,0,,0.16,4,0,4,0,0,0,0,0,0,0,0,0,0,2,0,0,0,2,0,0,0
154,BF3,"Borane, trifluoro-",67.80520949,0,16,0,4,0,4,0,0,0,0,0,0,1,0,0,0,0,0,0,0,3,0,0,0
155,CF2O,Carbonic difluoride,66.00680633,0,13.035,0.95,4,0,4,0,0,0,0,0,0,0,0,1,0,0,0,1,0,2,0,0,0
156,CF3,Trifluoromethyl radical,69.00620949,0,8.76,0.43,4,0,4,0,0,0,0,0,0,0,0,1,0,0,0,0,0,3,0,0,0
157,FOOF,Perfluoroperoxide,69.99480633,0,,1.44,4,0,4,0,0,0,0,0,0,0,0,0,0,0,0,2,0,2,0,0,0
158,NF3,Nitrogen trifluoride,71.00220949,0,13.5,0.235,4,0,4,0,0,0,0,0,0,0,0,0,0,1,0,0,0,3,0,0,0
159,AlH3,aluminum trihydride,30.0055384,0,,0,4,3,1,0,0,3,0,0,0,1,0,0,0,0,0,0,0,0,0,0,0
160,AlF3,Aluminum trifluoride,83.97674789,0,,0,4,0,4,0,0,0,0,0,0,1,0,0,0,0,0,0,0,3,0,0,0
161,SiF3,Silicon trifluoride radical,85.08020949,0,9.99,1.2,4,0,4,0,0,0,0,0,0,0,0,1,0,0,0,0,0,3,0,0,0
162,PH3,Phosphine,33.997762,0,9.87,0.58,4,3,1,0,0,3,0,0,0,0,0,0,0,1,0,0,0,0,0,0,0
163,P4,Phosphorus tetramer,123.895048,0,,0,4,0,4,0,0,0,0,0,0,0,0,0,0,4,0,0,0,0,0,0,0
164,PF3,Phosphorus trifluoride,87.96897149,0,,1.03,4,0,4,0,0,0,0,0,0,0,0,0,0,1,0,0,0,3,0,0,0
165,H2CS,Thioformaldehyde,46.087,0,9.376,1.647,4,2,2,0,0,2,0,0,0,0,0,1,0,0,0,1,0,0,0,0,0
166,H2S2,Disulfane,66.136,0,9.3,1.17,4,2,2,0,0,2,0,0,0,0,0,0,0,0,0,2,0,0,0,0,0
167,SO3,Sulfur trioxide,80.057,0,13.15,0,4,0,4,0,0,0,0,0,0,0,0,0,0,0,0,4,0,0,0,0,0
168,FSSF,Difluorodisulfane,102.1168063,0,,1.45,4,0,4,0,0,0,0,0,0,0,0,0,0,0,0,2,0,2,0,0,0
169,S2F2,Thio-thionyl fluoride,102.1168063,0,,1.03,4,0,4,0,0,0,0,0,0,0,0,0,0,0,0,2,0,2,0,0,0
170,HCCCl,Chloroacetylene,60.48,0,,0.44,4,1,3,0,0,1,0,0,0,0,0,2,0,0,0,0,0,1,0,0,0
171,Cl2CS,Thiophosgene,114.971,0,,0.29,4,0,4,0,0,0,0,0,0,0,0,1,0,0,0,1,0,2,0,0,0
172,CCl2O,Phosgene,98.91,0,,1.17,4,0,4,0,0,0,0,0,0,0,0,1,0,0,0,1,0,2,0,0,0
173,ClNO2,Nitryl chloride,81.455,0,,0.53,4,0,4,0,0,0,0,0,0,0,0,0,0,1,0,2,0,1,0,0,0
174,BCl3,"Borane, trichloro-",117.16,0,11.64,0,4,0,4,0,0,0,0,0,0,1,0,0,0,0,0,0,0,3,0,0,0
175,AlCl3,Aluminum trichloride,133.3315384,0,,0,4,0,4,0,0,0,0,0,0,1,0,0,0,0,0,0,0,3,0,0,0
176,SOCl2,thionyl chloride,118.959,0,,1.45,4,0,4,0,0,0,0,0,0,0,0,0,0,0,0,2,0,2,0,0,0
177,PCl3,Phosphorus trichloride,137.323762,0,,0.56,4,0,4,0,0,0,0,0,0,0,0,0,0,1,0,0,0,3,0,0,0
178,NCl3,nitrogen trichloride,120.357,0,,0.39,4,0,4,0,0,0,0,0,0,0,0,0,0,1,0,0,0,3,0,0,0
179,ClSSCl,Disulfur dichloride,135.02,0,,1.6,4,0,4,0,0,0,0,0,0,0,0,0,0,0,0,2,0,2,0,0,0
180,ClF3,Chlorine trifluoride,92.44520949,0,,0.6,4,0,4,0,0,0,0,0,0,0,0,0,0,0,0,0,0,4,0,0,0
181,AsH3,Arsine,77.945595,0,,0.2,4,3,1,0,0,3,0,0,0,0,0,0,0,1,0,0,0,0,0,0,0
182,AsCl3,Arsenous trichloride,181.271595,0,,1.59,4,0,4,0,0,0,0,0,0,0,0,0,0,1,0,0,0,3,0,0,0
183,AsF3,Arsenic trifluoride,131.9168045,0,,2.59,4,0,4,0,0,0,0,0,0,0,0,0,0,1,0,0,0,3,0,0,0
184,H2CSe,Selenoformaldehyde,92.998,0,,1.41,4,2,2,0,0,2,0,0,0,0,0,1,0,0,0,1,0,0,0,0,0
185,HCCBr,bromoacetylene,104.934,0,,0.23,4,1,3,0,0,1,0,0,0,0,0,2,0,0,0,0,0,1,0,0,0
186,PBr3,Phosphorus tribromide,270.685762,0,,0.61,4,0,4,0,0,0,0,0,0,0,0,0,0,1,0,0,0,3,0,0,0
187,BrF3,Bromine trifluoride,136.8992095,0,,1,4,0,4,0,0,0,0,0,0,0,0,0,0,0,0,0,0,4,0,0,0
188,CH4,Methane,16.043,0,12.61,0,5,4,1,0,0,4,0,0,0,0,0,1,0,0,0,0,0,0,0,0,0
189,CH2NH,Methanimine,29.042,0,9.97,2,5,3,2,0,0,3,0,0,0,0,0,1,0,1,0,0,0,0,0,0,0
190,CH2NN,diazomethane,42.041,0,10.3,1.5,5,2,3,0,0,2,0,0,0,0,0,1,0,2,0,0,0,0,0,0,0
191,NH2CN,cyanamide,42.041,0,10.3,4.32,5,2,3,0,0,2,0,0,0,0,0,1,0,2,0,0,0,0,0,0,0
192,HNCNH,diiminomethane,42.041,0,10.3,1.9,5,2,3,0,0,2,0,0,0,0,0,1,0,2,0,0,0,0,0,0,0
193,CH2N2,diazirine,42.041,0,10.3,1.59,5,2,3,0,0,2,0,0,0,0,0,1,0,2,0,0,0,0,0,0,0
194,HCCCN,Cyanoacetylene,51.048,0,11.23,3.72,5,1,4,0,0,1,0,0,0,0,0,3,0,1,0,0,0,0,0,0,0
195,NH2OH,hydroxylamine,33.03,0,,0.59,5,3,2,0,0,3,0,0,0,0,0,0,0,1,0,1,0,0,0,0,0
196,CH2CO,Ketene,42.037,0,9.6191,1.42,5,2,3,0,0,2,0,0,0,0,0,2,0,0,0,1,0,0,0,0,0
197,CH2O2,Dioxirane,46.025,0,11.31,2.479,5,2,3,0,0,2,0,0,0,0,0,1,0,0,0,2,0,0,0,0,0
198,HCOOH,Formic acid,46.025,0,11.31,1.41,5,2,3,0,0,2,0,0,0,0,0,1,0,0,0,2,0,0,0,0,0
199,HCOOH,Formic acid,46.025,0,11.31,3.79,5,2,3,0,0,2,0,0,0,0,0,1,0,0,0,2,0,0,0,0,0
200,HNO3,Nitric acid,63.012,0,,2.17,5,1,4,0,0,1,0,0,0,0,0,0,0,1,0,3,0,0,0,0,0
201,C3O2,Carbon suboxide,68.031,0,,0,5,0,5,0,0,0,0,0,0,0,0,3,0,0,0,2,0,0,0,0,0
202,N2O3,Dinitrogen trioxide,76.011,0,,2.122,5,0,5,0,0,0,0,0,0,0,0,0,0,2,0,3,0,0,0,0,0
203,CH3F,Methyl fluoride,34.03340316,0,12.45,1.847,5,3,2,0,0,3,0,0,0,0,0,1,0,0,0,0,0,1,0,0,0
204,CH2F2,"Methane, difluoro-",52.02380633,0,12.7,1.97,5,2,3,0,0,2,0,0,0,0,0,1,0,0,0,0,0,2,0,0,0
205,CHF3,"Methane, trifluoro-",70.01420949,0,13.9,1.645,5,1,4,0,0,1,0,0,0,0,0,1,0,0,0,0,0,3,0,0,0
206,CF4,Carbon tetrafluoride,88.00461265,0,16.2,0,5,0,5,0,0,0,0,0,0,0,0,1,0,0,0,0,0,4,0,0,0
207,SiH4,Silane,32.117,0,11.2,0,5,4,1,0,0,4,0,0,0,0,0,1,0,0,0,0,0,0,0,0,0
208,SiH3F,monofluorosilane,50.10740316,0,,1.297,5,3,2,0,0,3,0,0,0,0,0,1,0,0,0,0,0,1,0,0,0
209,SiH2F2,difluorosilane,68.09780633,0,,1.54,5,2,3,0,0,2,0,0,0,0,0,1,0,0,0,0,0,2,0,0,0
210,SiHF3,trifluorosilane,86.08820949,0,,1.359,5,1,4,0,0,1,0,0,0,0,0,1,0,0,0,0,0,3,0,0,0
211,SiF4,Silicon tetrafluoride,104.0786127,0,15.29,0,5,0,5,0,0,0,0,0,0,0,0,1,0,0,0,0,0,4,0,0,0
212,CH2PH,Phosphaethene,46.008762,0,10.3,0.869,5,3,2,0,0,3,0,0,0,0,0,1,0,1,0,0,0,0,0,0,0
213,F3PO,Phosphoryl fluoride,103.9679715,0,,1.76,5,0,5,0,0,0,0,0,0,0,0,0,0,1,0,1,0,3,0,0,0
214,NH2SH,Thiohydroxylamine,49.091,0,,0.961,5,3,2,0,0,3,0,0,0,0,0,0,0,1,0,1,0,0,0,0,0
215,NH2SH,Thiohydroxylamine,49.091,0,,2.005,5,3,2,0,0,3,0,0,0,0,0,0,0,1,0,1,0,0,0,0,0
216,CH2CS,Thioketene,58.098,0,8.77,1.02,5,2,3,0,0,2,0,0,0,0,0,2,0,0,0,1,0,0,0,0,0
217,SO2F2,Sulfuryl fluoride,102.0548063,0,13,1.12,5,0,5,0,0,0,0,0,0,0,0,0,0,0,0,3,0,2,0,0,0
218,SF4,Sulfur tetrafluoride,108.0536127,0,11.69,0.632,5,0,5,0,0,0,0,0,0,0,0,0,0,0,0,1,0,4,0,0,0
219,SiH3Cl,chlorosilane,66.559,0,,1.31,5,3,2,0,0,3,0,0,0,0,0,1,0,0,0,0,0,1,0,0,0
220,CH3Cl,Methyl chloride,50.485,0,,1.87,5,3,2,0,0,3,0,0,0,0,0,1,0,0,0,0,0,1,0,0,0
221,CH2Cl2,Methylene chloride,84.927,0,,1.62,5,2,3,0,0,2,0,0,0,0,0,1,0,0,0,0,0,2,0,0,0
222,CH2FCl,fluorochloromethane,68.47540316,0,,1.82,5,2,3,0,0,2,0,0,0,0,0,1,0,0,0,0,0,2,0,0,0
223,SiH2Cl2,dichlorosilane,101.001,0,,1.13,5,2,3,0,0,2,0,0,0,0,0,1,0,0,0,0,0,2,0,0,0
224,SiHCl3,Trichlorosilane,135.443,0,,0.86,5,1,4,0,0,1,0,0,0,0,0,1,0,0,0,0,0,3,0,0,0
225,CHF2Cl,difluorochloromethane,86.46580633,0,,1.42,5,1,4,0,0,1,0,0,0,0,0,1,0,0,0,0,0,3,0,0,0
226,CHFCl2,fluorodichloromethane,102.9174032,0,,1.29,5,1,4,0,0,1,0,0,0,0,0,1,0,0,0,0,0,3,0,0,0
227,CHCl3,Chloroform,119.369,0,,1.04,5,1,4,0,0,1,0,0,0,0,0,1,0,0,0,0,0,3,0,0,0
228,ClONO2,Chlorine nitrate,97.454,0,,0.772,5,0,5,0,0,0,0,0,0,0,0,0,0,1,0,3,0,1,0,0,0
229,SO2Cl2,Sulfuryl chloride,134.958,0,,1.81,5,0,5,0,0,0,0,0,0,0,0,0,0,0,0,3,0,2,0,0,0
230,Cl3PO,Phosphoryl chloride,153.322762,0,,2.54,5,0,5,0,0,0,0,0,0,0,0,0,0,1,0,1,0,3,0,0,0
231,SiCl4,"Silane, tetrachloro-",169.885,0,11.8,0,5,0,5,0,0,0,0,0,0,0,0,1,0,0,0,0,0,4,0,0,0
232,ClFO3,Perchloryl fluoride,102.4454032,0,,0.023,5,0,5,0,0,0,0,0,0,0,0,0,0,0,0,3,0,2,0,0,0
233,CCl4,Carbon tetrachloride,153.811,0,11.5,0,5,0,5,0,0,0,0,0,0,0,0,1,0,0,0,0,0,4,0,0,0
234,CFCl3,Trichloromonofluoromethane,137.3594032,0,,0.46,5,0,5,0,0,0,0,0,0,0,0,1,0,0,0,0,0,4,0,0,0
235,CF2Cl2,difluorodichloromethane,120.9078063,0,,0.51,5,0,5,0,0,0,0,0,0,0,0,1,0,0,0,0,0,4,0,0,0
236,CF3Cl,"Methane, chlorotrifluoro-",104.4562095,0,,0.5,5,0,5,0,0,0,0,0,0,0,0,1,0,0,0,0,0,4,0,0,0
237,GeH4,Germane,76.662,0,,0,5,4,1,0,0,4,0,0,0,0,0,1,0,0,0,0,0,0,0,0,0
238,GeH3F,monofluorogermane,94.65240316,0,,2.33,5,3,2,0,0,3,0,0,0,0,0,1,0,0,0,0,0,1,0,0,0
239,GeH3Cl,monochlorogermane,111.104,0,,2.13,5,3,2,0,0,3,0,0,0,0,0,1,0,0,0,0,0,1,0,0,0
240,SeF4,Selenium tetrafluoride,154.9646127,0,,1.779,5,0,5,0,0,0,0,0,0,0,0,0,0,0,0,1,0,4,0,0,0
241,SiH3Br,bromosilane,111.013,0,,1.319,5,3,2,0,0,3,0,0,0,0,0,1,0,0,0,0,0,1,0,0,0
242,CH3Br,methyl bromide,94.939,0,,1.81,5,3,2,0,0,3,0,0,0,0,0,1,0,0,0,0,0,1,0,0,0
243,CH2Br2,dibromomethane,173.835,0,,1.43,5,2,3,0,0,2,0,0,0,0,0,1,0,0,0,0,0,2,0,0,0
244,CH2BrF,"Methane, bromofluoro-",112.9294032,0,,1.739,5,2,3,0,0,2,0,0,0,0,0,1,0,0,0,0,0,2,0,0,0
245,CHFClBr,fluorochlorobromomethane,147.3714032,0,,1.5,5,1,4,0,0,1,0,0,0,0,0,1,0,0,0,0,0,3,0,0,0
246,CHBr3,bromoform,252.731,0,,0.99,5,1,4,0,0,1,0,0,0,0,0,1,0,0,0,0,0,3,0,0,0
247,CHBrF2,"Methane, bromodifluoro-",130.9198063,0,,1.5,5,1,4,0,0,1,0,0,0,0,0,1,0,0,0,0,0,3,0,0,0
248,CBr2F2,"Methane, dibromodifluoro-",209.8158063,0,,0.66,5,0,5,0,0,0,0,0,0,0,0,1,0,0,0,0,0,4,0,0,0
249,CF3Br,Bromotrifluoromethane,148.9102095,0,,0.639,5,0,5,0,0,0,0,0,0,0,0,1,0,0,0,0,0,4,0,0,0
250,CBr4,Carbon tetrabromide,331.627,0,,0,5,0,5,0,0,0,0,0,0,0,0,1,0,0,0,0,0,4,0,0,0
251,CH3I,methyl iodide,141.93947,0,,1.62,5,3,2,0,0,3,0,0,0,0,0,1,0,0,0,0,0,1,0,0,0
252,CH2FI,fluoroiodomethane,159.9298732,0,,1.599,5,2,3,0,0,2,0,0,0,0,0,1,0,0,0,0,0,2,0,0,0
253,CF3I,trifluoroiodomethane,195.9106795,0,10.2,1.048,5,0,5,0,0,0,0,0,0,0,0,1,0,0,0,0,0,4,0,0,0
254,C2H4,Ethylene,28.054,0,10.51,0,6,4,2,0,0,4,0,0,0,0,0,2,0,0,0,0,0,0,0,0,0
255,C4H2,Diacetylene,50.06,0,10.17,0,6,2,4,0,0,2,0,0,0,0,0,4,0,0,0,0,0,0,0,0,0
256,BH2NH2,Boranamine,28.849,0,,1.844,6,4,2,0,0,4,0,0,0,1,0,0,0,1,0,0,0,0,0,0,0
257,N2H4,Hydrazine,32.046,0,8.1,1.75,6,4,2,0,0,4,0,0,0,0,0,0,0,2,0,0,0,0,0,0,0
258,CH3NC,methyl isocyanide,41.053,0,12.201,3.85,6,3,3,0,0,3,0,0,0,0,0,2,0,1,0,0,0,0,0,0,0
259,CH3CN,Acetonitrile,41.053,0,12.201,3.919,6,3,3,0,0,3,0,0,0,0,0,2,0,1,0,0,0,0,0,0,0
260,H2CCNH,Ethenimine,41.053,0,12.201,1.438,6,3,3,0,0,3,0,0,0,0,0,2,0,1,0,0,0,0,0,0,0
261,CH3OH,Methyl alcohol,32.042,0,10.85,1.672,6,4,2,0,0,4,0,0,0,0,0,1,0,0,0,1,0,0,0,0,0
262,BH3CO,Borane carbonyl,41.844,0,,1.698,6,3,3,0,0,3,0,0,0,1,0,1,0,0,0,1,0,0,0,0,0
263,CH3NO,nitrosomethane,45.041,0,10.11,2.32,6,3,3,0,0,3,0,0,0,0,0,1,0,1,0,1,0,0,0,0,0
264,CHONH2,formamide,45.041,0,10.11,3.73,6,3,3,0,0,3,0,0,0,0,0,1,0,1,0,1,0,0,0,0,0
265,CH2NOH,formaldoxime,45.041,0,10.11,0.44,6,3,3,0,0,3,0,0,0,0,0,1,0,1,0,1,0,0,0,0,0
267,C2H2CO,cyclopropenone,54.048,0,10,4.39,6,2,4,0,0,2,0,0,0,0,0,3,0,0,0,1,0,0,0,0,0
268,HCCCHO,2-propynal,54.048,0,10,2.78,6,2,4,0,0,2,0,0,0,0,0,3,0,0,0,1,0,0,0,0,0
269,C2H2O2,Ethanedial,58.036,0,10.2,0,6,2,4,0,0,2,0,0,0,0,0,2,0,0,0,2,0,0,0,0,0
270,C2H2O2,Ethanedial,58.036,0,10.2,3.4,6,2,4,0,0,2,0,0,0,0,0,2,0,0,0,2,0,0,0,0,0
271,HOONO2,peroxy nitric acid,79.011,0,,1.987,6,1,5,0,0,1,0,0,0,0,0,0,0,1,0,4,0,0,0,0,0
272,N2O4,Dinitrogen tetroxide,92.01,0,10.8,0,6,0,6,0,0,0,0,0,0,0,0,0,0,2,0,4,0,0,0,0,0
273,CH2CHF,"Ethene, fluoro-",46.04440316,0,,1.43,6,3,3,0,0,3,0,0,0,0,0,2,0,0,0,0,0,1,0,0,0
274,CH2CF2,"Ethene, 1,1-difluoro-",64.03480633,0,,1.389,6,2,4,0,0,2,0,0,0,0,0,2,0,0,0,0,0,2,0,0,0
275,C2H2F2,"Ethene, 1,2-difluoro-, (Z)-",64.03480633,0,,2.42,6,2,4,0,0,2,0,0,0,0,0,2,0,0,0,0,0,2,0,0,0
276,C2HF3,Trifluoroethylene,82.02520949,0,,1.4,6,1,5,0,0,1,0,0,0,0,0,2,0,0,0,0,0,3,0,0,0
277,CF3CN,"Acetonitrile, trifluoro-",95.02420949,0,,1.33,6,0,6,0,0,0,0,0,0,0,0,2,0,1,0,0,0,3,0,0,0
278,B2F4,Diboron tetrafluoride,97.61361265,0,,0,6,0,6,0,0,0,0,0,0,2,0,0,0,0,0,0,0,4,0,0,0
279,C2F4,Tetrafluoroethylene,100.0156127,0,10.114,0,6,0,6,0,0,0,0,0,0,0,0,2,0,0,0,0,0,4,0,0,0
280,PF5,Phosphorus pentafluoride,125.9657778,0,,0,6,0,6,0,0,0,0,0,0,0,0,0,0,1,0,0,0,5,0,0,0
281,CH3SH,Methanethiol,48.103,0,9.446,1.52,6,4,2,0,0,4,0,0,0,0,0,1,0,0,0,1,0,0,0,0,0
282,CHSNH2,thioformamide,61.102,0,8.69,4.01,6,3,3,0,0,3,0,0,0,0,0,1,0,1,0,1,0,0,0,0,0
283,C2H3Cl,"Ethene, chloro-",62.496,0,,1.45,6,3,3,0,0,3,0,0,0,0,0,2,0,0,0,0,0,1,0,0,0
284,CH3OCl,methyl hypochlorite,66.484,0,,1.788,6,3,3,0,0,3,0,0,0,0,0,1,0,0,0,1,0,1,0,0,0
285,CHClCHCl,"Ethene, 1,2-dichloro-, (Z)-",96.938,0,,1.9,6,2,4,0,0,2,0,0,0,0,0,2,0,0,0,0,0,2,0,0,0
286,CHClCHCl,"Ethene, 1,2-dichloro-, (E)-",96.938,0,,0,6,2,4,0,0,2,0,0,0,0,0,2,0,0,0,0,0,2,0,0,0
287,CH2CCl2,"Ethene, 1,1-dichloro-",96.938,0,,1.34,6,2,4,0,0,2,0,0,0,0,0,2,0,0,0,0,0,2,0,0,0
288,HClO4,perchloric acid,100.454,0,,2.17,6,1,5,0,0,1,0,0,0,0,0,0,0,0,0,4,0,1,0,0,0
289,B2Cl4,Diboron tetrachloride,163.42,0,,0,6,0,6,0,0,0,0,0,0,2,0,0,0,0,0,0,0,4,0,0,0
290,C2ClF3,"Ethene, chlorotrifluoro-",116.4672095,0,,0.58,6,0,6,0,0,0,0,0,0,0,0,2,0,0,0,0,0,4,0,0,0
291,C2Cl4,Tetrachloroethylene,165.822,0,,0,6,0,6,0,0,0,0,0,0,0,0,2,0,0,0,0,0,4,0,0,0
292,PCl5,Phosphorus pentachloride,208.223762,0,,0,6,0,6,0,0,0,0,0,0,0,0,0,0,1,0,0,0,5,0,0,0
293,ClF5,chlorinepentafluoride,130.4420158,0,,0.536,6,0,6,0,0,0,0,0,0,0,0,0,0,0,0,0,0,6,0,0,0
294,CH3SeH,Methane selenol,95.014,0,,1.291,6,4,2,0,0,4,0,0,0,0,0,1,0,0,0,1,0,0,0,0,0
295,C2H3Br,vinyl bromide,106.95,0,,1.42,6,3,3,0,0,3,0,0,0,0,0,2,0,0,0,0,0,1,0,0,0
296,BrF5,bromine pentafluoride,174.8960158,0,,1.51,6,0,6,0,0,0,0,0,0,0,0,0,0,0,0,0,0,6,0,0,0
297,C2H3I,Vinyl iodide,153.95047,0,,1.311,6,3,3,0,0,3,0,0,0,0,0,2,0,0,0,0,0,1,0,0,0
298,CH2CCH2,allene,40.065,0,9.67,0,7,4,3,0,0,4,0,0,0,0,0,3,0,0,0,0,0,0,0,0,0
299,CH3CCH,propyne,40.065,0,9.67,0.78,7,4,3,0,0,4,0,0,0,0,0,3,0,0,0,0,0,0,0,0,0
300,C3H4,cyclopropene,40.065,0,9.67,0.454,7,4,3,0,0,4,0,0,0,0,0,3,0,0,0,0,0,0,0,0,0
301,CH3NH2,methyl amine,31.058,0,8.9,1.31,7,5,2,0,0,5,0,0,0,0,0,1,0,1,0,0,0,0,0,0,0
302,C3H3N,acrylonitrile,53.064,0,10.91,3.882,7,3,4,0,0,3,0,0,0,0,0,3,0,1,0,0,0,0,0,0,0
303,CH3N3,methyl azide,57.056,0,,2.17,7,3,4,0,0,3,0,0,0,0,0,1,0,3,0,0,0,0,0,0,0
304,C3H2N2,Malononitrile,66.063,0,,3.73,7,2,5,0,0,2,0,0,0,0,0,3,0,2,0,0,0,0,0,0,0
305,CH3CHO,Acetaldehyde,44.053,0,9.33,2.75,7,4,3,0,0,4,0,0,0,0,0,2,0,0,0,1,0,0,0,0,0
306,C2H4O,Ethylene oxide,44.053,0,9.33,1.89,7,4,3,0,0,4,0,0,0,0,0,2,0,0,0,1,0,0,0,0,0
308,C2H3NO,Nitrosoethylene,57.052,0,11.3,2.77,7,3,4,0,0,3,0,0,0,0,0,2,0,1,0,1,0,0,0,0,0
309,CH3ONO,Methyl nitrite,61.04,0,10.44,2.05,7,3,4,0,0,3,0,0,0,0,0,1,0,1,0,2,0,0,0,0,0
310,CH3ONO,Methyl nitrite,61.04,0,10.44,2.36,7,3,4,0,0,3,0,0,0,0,0,1,0,1,0,2,0,0,0,0,0
311,CH3NO2,"Methane, nitro-",61.04,0,10.44,3.46,7,3,4,0,0,3,0,0,0,0,0,1,0,1,0,2,0,0,0,0,0
312,C2H2N2O,Furazan,70.051,0,,3.38,7,2,5,0,0,2,0,0,0,0,0,2,0,2,0,1,0,0,0,0,0
313,CH3COF,Acetyl fluoride,62.04340316,0,,2.96,7,3,4,0,0,3,0,0,0,0,0,2,0,0,0,1,0,1,0,0,0
314,CH3PH2,Methyl phosphine,48.024762,0,,1.1,7,5,2,0,0,5,0,0,0,0,0,1,0,1,0,0,0,0,0,0,0
315,C2H4S,Thiirane,60.114,0,9.3,1.85,7,4,3,0,0,4,0,0,0,0,0,2,0,0,0,1,0,0,0,0,0
316,CH2CHSH,Ethenethiol,60.114,0,9.3,0.91,7,4,3,0,0,4,0,0,0,0,0,2,0,0,0,1,0,0,0,0,0
317,CH3SSH,Hydrogen methyl disulfide,80.163,0,,1.796,7,4,3,0,0,4,0,0,0,0,0,1,0,0,0,2,0,0,0,0,0
318,C2H2N2S,"1,3,4-Thiadiazole",86.112,0,,3.28,7,2,5,0,0,2,0,0,0,0,0,2,0,2,0,1,0,0,0,0,0
319,H2SO4,Sulfuric acid,98.072,0,,2.725,7,2,5,0,0,2,0,0,0,0,0,0,0,0,0,5,0,0,0,0,0
320,SF6,Sulfur Hexafluoride,146.050419,0,15.3,0,7,0,7,0,0,0,0,0,0,0,0,0,0,0,0,1,0,6,0,0,0
321,CH3COCl,Acetyl Chloride,78.495,0,10.48,2.72,7,3,4,0,0,3,0,0,0,0,0,2,0,0,0,1,0,1,0,0,0
322,C2H6,Ethane,30.07,0,11,0,8,6,2,0,0,6,0,0,0,0,0,2,0,0,0,0,0,0,0,0,0
323,C2H3CCH,1-Buten-3-yne,52.076,0,9.58,0.224,8,4,4,0,0,4,0,0,0,0,0,4,0,0,0,0,0,0,0,0,0
324,BH3NH3,borane ammonia,30.865,0,,5.216,8,6,2,0,0,6,0,0,0,1,0,0,0,1,0,0,0,0,0,0,0
325,C2H5N,Aziridine,43.069,0,8.1,1.89,8,5,3,0,0,5,0,0,0,0,0,2,0,1,0,0,0,0,0,0,0
326,CH3CHNH,ethanimine,43.069,0,8.1,1.9,8,5,3,0,0,5,0,0,0,0,0,2,0,1,0,0,0,0,0,0,0
327,NH2BHNH2,diaminoborane,43.864,0,,1.245,8,5,3,0,0,5,0,0,0,1,0,0,0,2,0,0,0,0,0,0,0
328,CH2NCH3,N-methylmethanimine,43.069,0,8.1,1.53,8,5,3,0,0,5,0,0,0,0,0,2,0,1,0,0,0,0,0,0,0
329,C2H3N3,"1H-1,2,4-Triazole",69.067,0,,2.7,8,3,5,0,0,3,0,0,0,0,0,2,0,3,0,0,0,0,0,0,0
330,C3H4O,2-Propyn-1-ol,56.064,0,9.48,1.81,8,4,4,0,0,4,0,0,0,0,0,3,0,0,0,1,0,0,0,0,0
331,CH2CHCHO,Acrolein,56.064,0,9.48,3.117,8,4,4,0,0,4,0,0,0,0,0,3,0,0,0,1,0,0,0,0,0
332,CH2CHCHO,Acrolein,56.064,0,9.48,2.552,8,4,4,0,0,4,0,0,0,0,0,3,0,0,0,1,0,0,0,0,0
333,C3H4O,Methylketene,56.064,0,9.48,1.79,8,4,4,0,0,4,0,0,0,0,0,3,0,0,0,1,0,0,0,0,0
334,C3H4O,Cyclopropanone,56.064,0,9.48,2.67,8,4,4,0,0,4,0,0,0,0,0,3,0,0,0,1,0,0,0,0,0
335,CH3OCHO,methyl formate,60.052,0,10.51,1.77,8,4,4,0,0,4,0,0,0,0,0,2,0,0,0,2,0,0,0,0,0
336,NH2CONH2,Urea,60.056,0,,3.83,8,4,4,0,0,4,0,0,0,0,0,1,0,2,0,1,0,0,0,0,0
337,CH3COOH,Acetic acid,60.052,0,10.51,1.7,8,4,4,0,0,4,0,0,0,0,0,2,0,0,0,2,0,0,0,0,0
338,CHOCH2OH,hydroxy acetaldehyde,60.052,0,10.51,2.34,8,4,4,0,0,4,0,0,0,0,0,2,0,0,0,2,0,0,0,0,0
339,C3H3NO,Oxazole,69.063,0,,1.503,8,3,5,0,0,3,0,0,0,0,0,3,0,1,0,1,0,0,0,0,0
340,C3H3NO,Isoxazole,69.063,0,,2.9,8,3,5,0,0,3,0,0,0,0,0,3,0,1,0,1,0,0,0,0,0
341,CH3NO3,Methyl nitrate,77.039,0,,3.081,8,3,5,0,0,3,0,0,0,0,0,1,0,1,0,3,0,0,0,0,0
342,C3H2O3,vinylene carbonate,86.046,0,,4.51,8,2,6,0,0,2,0,0,0,0,0,3,0,0,0,3,0,0,0,0,0
343,C2H5F,fluoroethane,48.06040316,0,,1.96,8,5,3,0,0,5,0,0,0,0,0,2,0,0,0,0,0,1,0,0,0
344,C2H4F2,"1,2-difluoroethane",66.05080633,0,,0,8,4,4,0,0,4,0,0,0,0,0,2,0,0,0,0,0,2,0,0,0
345,C2H4F2,"1,2-difluoroethane",66.05080633,0,,2.67,8,4,4,0,0,4,0,0,0,0,0,2,0,0,0,0,0,2,0,0,0
346,CH3CHF2,"Ethane, 1,1-difluoro-",66.05080633,0,,2.262,8,4,4,0,0,4,0,0,0,0,0,2,0,0,0,0,0,2,0,0,0
347,CH3CF3,"Ethane, 1,1,1-trifluoro-",84.04120949,0,,2.32,8,3,5,0,0,3,0,0,0,0,0,2,0,0,0,0,0,3,0,0,0
348,CHF2CH2F,"Ethane, 1,1,2-trifluoro",84.04120949,0,,1.58,8,3,5,0,0,3,0,0,0,0,0,2,0,0,0,0,0,3,0,0,0
349,CHF2CH2F,"Ethane, 1,1,2-trifluoro",84.04120949,0,,2.84,8,3,5,0,0,3,0,0,0,0,0,2,0,0,0,0,0,3,0,0,0
350,NH3BF3,Amminetrifluoroboron,84.83620949,0,,5.903,8,3,5,0,0,3,0,0,0,1,0,0,0,1,0,0,0,3,0,0,0
351,CF3CH2F,"1,1,1,2-tetrafluoroethane",102.0316127,0,,2.058,8,2,6,0,0,2,0,0,0,0,0,2,0,0,0,0,0,4,0,0,0
352,CHF2CHF2,"1,1,2,2-tetrafluoroethane",102.0316127,0,,0,8,2,6,0,0,2,0,0,0,0,0,2,0,0,0,0,0,4,0,0,0
353,CHF2CHF2,"1,1,2,2-tetrafluoroethane",102.0316127,0,,2.454,8,2,6,0,0,2,0,0,0,0,0,2,0,0,0,0,0,4,0,0,0
354,CF3COOH,trifluoroacetic acid,114.0232095,0,,2.28,8,1,7,0,0,1,0,0,0,0,0,2,0,0,0,2,0,3,0,0,0
355,CF3CHF2,pentafluoroethane,120.0220158,0,,1.563,8,1,7,0,0,1,0,0,0,0,0,2,0,0,0,0,0,5,0,0,0
356,C2F6,hexafluoroethane,138.012419,0,13.6,0,8,0,8,0,0,0,0,0,0,0,0,2,0,0,0,0,0,6,0,0,0
357,CH3SiH3,methyl silane,46.144,0,,0.735,8,6,2,0,0,6,0,0,0,0,0,2,0,0,0,0,0,0,0,0,0
358,CH3SiFH2,fluoromethylsilane,64.13440316,0,,1.7,8,5,3,0,0,5,0,0,0,0,0,2,0,0,0,0,0,1,0,0,0
359,BH3PH3,borane phosphine,47.831762,0,,4,8,6,2,0,0,6,0,0,0,1,0,0,0,1,0,0,0,0,0,0,0
360,C3H3NS,Thiazole,85.124,0,,1.62,8,3,5,0,0,3,0,0,0,0,0,3,0,1,0,1,0,0,0,0,0
361,CH3CH2Cl,Ethyl chloride,64.512,0,,2.05,8,5,3,0,0,5,0,0,0,0,0,2,0,0,0,0,0,1,0,0,0
362,CH3CHCl2,"Ethane, 1,1-dichloro-",98.954,0,,2.06,8,4,4,0,0,4,0,0,0,0,0,2,0,0,0,0,0,2,0,0,0
363,CH2FCH2Cl,"Ethane, 1-chloro-2-fluoro-",82.50240316,0,,2.72,8,4,4,0,0,4,0,0,0,0,0,2,0,0,0,0,0,2,0,0,0
364,CH3CCl3,"Ethane, 1,1,1-trichloro-",133.396,0,,1.755,8,3,5,0,0,3,0,0,0,0,0,2,0,0,0,0,0,3,0,0,0
365,CH3CF2Cl,"1-Chloro-1,1-Difluoroethane",100.4928063,0,,2.14,8,3,5,0,0,3,0,0,0,0,0,2,0,0,0,0,0,3,0,0,0
366,CH2ClCHCl2,"1,1,2-trichloroethane",133.396,0,,1.5,8,3,5,0,0,3,0,0,0,0,0,2,0,0,0,0,0,3,0,0,0
367,CHCl2CHCl2,"Ethane, 1,1,2,2-tetrachloro-",167.838,0,,1.32,8,2,6,0,0,2,0,0,0,0,0,2,0,0,0,0,0,4,0,0,0
368,CCl3CHCl2,pentachloroethane,202.28,0,,0.92,8,1,7,0,0,1,0,0,0,0,0,2,0,0,0,0,0,5,0,0,0
369,CF3CHFCl,"1,1,1,2-tetrafluorochloroethane",136.4736127,0,,1.469,8,1,7,0,0,1,0,0,0,0,0,2,0,0,0,0,0,5,0,0,0
370,CF2ClCF2Cl,"1,2-Dichloro-1,1,2,2-tetrafluoroethane",170.9156127,0,,0,8,0,8,0,0,0,0,0,0,0,0,2,0,0,0,0,0,6,0,0,0
371,CF3CF2Cl,pentafluorochloroethane,154.4640158,0,,0.52,8,0,8,0,0,0,0,0,0,0,0,2,0,0,0,0,0,6,0,0,0
372,CF3CCl3,"1,1,1-trifluoro-2,2,2-trichloroethane",187.3672095,0,,0.74,8,0,8,0,0,0,0,0,0,0,0,2,0,0,0,0,0,6,0,0,0
373,GeH3CH3,methyl germane,90.689,0,,0.643,8,6,2,0,0,6,0,0,0,0,0,2,0,0,0,0,0,0,0,0,0
374,C2H5Br,Ethyl bromide,108.966,0,,2.03,8,5,3,0,0,5,0,0,0,0,0,2,0,0,0,0,0,1,0,0,0
375,CH2BrCH2Br,"Ethane, 1,2-dibromo-",187.862,0,10.35,1.04,8,4,4,0,0,4,0,0,0,0,0,2,0,0,0,0,0,2,0,0,0
376,C2H5I,Ethyl iodide,155.96647,0,,1.976,8,5,3,0,0,5,0,0,0,0,0,2,0,0,0,0,0,1,0,0,0
377,C3H6,Cyclopropane,42.081,0,9.9,0,9,6,3,0,0,6,0,0,0,0,0,3,0,0,0,0,0,0,0,0,0
378,CH2CHCH3,Propene,42.081,0,9.9,0.363,9,6,3,0,0,6,0,0,0,0,0,3,0,0,0,0,0,0,0,0,0
379,C2H5CN,ethyl cyanide,55.08,0,9.76,4.011,9,5,4,0,0,5,0,0,0,0,0,3,0,1,0,0,0,0,0,0,0
380,C3H4N2,1H-Imidazole,68.079,0,,3.667,9,4,5,0,0,4,0,0,0,0,0,3,0,2,0,0,0,0,0,0,0
381,C3H4N2,1H-Pyrazole,68.079,0,,2.214,9,4,5,0,0,4,0,0,0,0,0,3,0,2,0,0,0,0,0,0,0
382,C3H3N3,"1,3,5-Triazine",81.078,0,,0,9,3,6,0,0,3,0,0,0,0,0,3,0,3,0,0,0,0,0,0,0
383,CH3OCH3,Dimethyl ether,46.069,0,10.41,1.302,9,6,3,0,0,6,0,0,0,0,0,2,0,0,0,1,0,0,0,0,0
384,CH3CH2OH,Ethanol,46.069,0,10.41,1.52,9,6,3,0,0,6,0,0,0,0,0,2,0,0,0,1,0,0,0,0,0
385,CH3CH2OH,Ethanol,46.069,0,10.41,1.679,9,6,3,0,0,6,0,0,0,0,0,2,0,0,0,1,0,0,0,0,0
386,CH3CONH2,Acetamide,59.068,0,,3.76,9,5,4,0,0,5,0,0,0,0,0,2,0,1,0,1,0,0,0,0,0
387,CH3CHNOH,Acetaldoxime,59.068,0,,0.938,9,5,4,0,0,5,0,0,0,0,0,2,0,1,0,1,0,0,0,0,0
388,CH3CHNOH,Acetaldoxime,59.068,0,,0.85,9,5,4,0,0,5,0,0,0,0,0,2,0,1,0,1,0,0,0,0,0
389,HCONHCH3,N-methylformamide,59.068,0,,3.83,9,5,4,0,0,5,0,0,0,0,0,2,0,1,0,1,0,0,0,0,0
390,C4H4O,Furan,68.075,0,,0.66,9,4,5,0,0,4,0,0,0,0,0,4,0,0,0,1,0,0,0,0,0
391,C3H4O2,β–Propiolactone,72.063,0,,4.18,9,4,5,0,0,4,0,0,0,0,0,3,0,0,0,2,0,0,0,0,0
392,C4H2O3,Maleic Anhydride,98.057,0,,4.141,9,2,7,0,0,2,0,0,0,0,0,4,0,0,0,3,0,0,0,0,0
393,CH2CHCH2F,Allyl Fluoride,60.07140316,0,,1.76,9,5,4,0,0,5,0,0,0,0,0,3,0,0,0,0,0,1,0,0,0
394,CH2CHCH2F,Allyl Fluoride,60.07140316,0,,1.93,9,5,4,0,0,5,0,0,0,0,0,3,0,0,0,0,0,1,0,0,0
396,CH3SCH3,Dimethyl sulfide,62.13,0,,1.5,9,6,3,0,0,6,0,0,0,0,0,2,0,0,0,1,0,0,0,0,0
397,CH3CH2SH,ethanethiol,62.13,0,,1.58,9,6,3,0,0,6,0,0,0,0,0,2,0,0,0,1,0,0,0,0,0
398,CH3CH2SH,ethanethiol,62.13,0,,1.61,9,6,3,0,0,6,0,0,0,0,0,2,0,0,0,1,0,0,0,0,0
399,C4H4S,Thiophene,84.136,0,,0.55,9,4,5,0,0,4,0,0,0,0,0,4,0,0,0,1,0,0,0,0,0
400,C3H5Cl,"1-Propene, 3-chloro-",76.523,0,,1.94,9,5,4,0,0,5,0,0,0,0,0,3,0,0,0,0,0,1,0,0,0
401,C3H5Cl,1-chloro-1-propene(Z),76.523,0,,1.67,9,5,4,0,0,5,0,0,0,0,0,3,0,0,0,0,0,1,0,0,0
402,C3H5Cl,1-chloro-1-propene(E),76.523,0,,1.97,9,5,4,0,0,5,0,0,0,0,0,3,0,0,0,0,0,1,0,0,0
403,CH2ClCH2OH,2-Chloroethanol,80.511,0,,1.78,9,5,4,0,0,5,0,0,0,0,0,2,0,0,0,1,0,1,0,0,0
404,CH3SeCH3,dimethylselenide,109.041,0,,1.41,9,6,3,0,0,6,0,0,0,0,0,2,0,0,0,1,0,0,0,0,0
405,C4H4Se,selenophene,131.047,0,,0.398,9,4,5,0,0,4,0,0,0,0,0,4,0,0,0,1,0,0,0,0,0
406,C4H6,Bicyclo[1.1.0]butane,54.092,0,8.7,0.675,10,6,4,0,0,6,0,0,0,0,0,4,0,0,0,0,0,0,0,0,0
407,CH2CCHCH3,"1,2-Butadiene",54.092,0,8.7,0.4,10,6,4,0,0,6,0,0,0,0,0,4,0,0,0,0,0,0,0,0,0
408,CH3CCCH3,2-Butyne,54.092,0,8.7,0,10,6,4,0,0,6,0,0,0,0,0,4,0,0,0,0,0,0,0,0,0
409,CHCCH2CH3,1-Butyne,54.092,0,8.7,0.782,10,6,4,0,0,6,0,0,0,0,0,4,0,0,0,0,0,0,0,0,0
410,C4H6,Cyclobutene,54.092,0,8.7,0.132,10,6,4,0,0,6,0,0,0,0,0,4,0,0,0,0,0,0,0,0,0
411,C4H6,1-Methylcyclopropene,54.092,0,8.7,0.84,10,6,4,0,0,6,0,0,0,0,0,4,0,0,0,0,0,0,0,0,0
412,C4H6,Methylenecyclopropane,54.092,0,8.7,0.402,10,6,4,0,0,6,0,0,0,0,0,4,0,0,0,0,0,0,0,0,0
413,CH3CH2NH2,Ethylamine,45.085,0,,1.22,10,7,3,0,0,7,0,0,0,0,0,2,0,1,0,0,0,0,0,0,0
414,CH3NHCH3,Dimethylamine,45.085,0,,1.03,10,7,3,0,0,7,0,0,0,0,0,2,0,1,0,0,0,0,0,0,0
415,C4H5N,Pyrrole,67.091,0,10.34,1.84,10,5,5,0,0,5,0,0,0,0,0,4,0,1,0,0,0,0,0,0,0
416,C4H5N,(E)-2-Butenenitrile,67.091,0,10.34,4.5,10,5,5,0,0,5,0,0,0,0,0,4,0,1,0,0,0,0,0,0,0
417,C4H5N,(Z)-2-Butenenitrile,67.091,0,10.34,4.08,10,5,5,0,0,5,0,0,0,0,0,4,0,1,0,0,0,0,0,0,0
418,C4H4N2,Pyrazine,80.09,0,,0,10,4,6,0,0,4,0,0,0,0,0,4,0,2,0,0,0,0,0,0,0
419,CH3CH2CHO,Propanal,58.08,0,9.1,2.52,10,6,4,0,0,6,0,0,0,0,0,3,0,0,0,1,0,0,0,0,0
420,C3H6O,Oxetane,58.08,0,9.1,1.94,10,6,4,0,0,6,0,0,0,0,0,3,0,0,0,1,0,0,0,0,0
421,CH3COCH3,Acetone,58.08,0,9.1,2.88,10,6,4,0,0,6,0,0,0,0,0,3,0,0,0,1,0,0,0,0,0
422,C3H6O,2-Propen-1-ol,58.08,0,9.1,1.6,10,6,4,0,0,6,0,0,0,0,0,3,0,0,0,1,0,0,0,0,0
423,C3H6O,Propylene oxide,58.08,0,9.1,2.01,10,6,4,0,0,6,0,0,0,0,0,3,0,0,0,1,0,0,0,0,0
424,C3H5OH,Cyclopropanol,58.08,0,9.1,1.46,10,6,4,0,0,6,0,0,0,0,0,3,0,0,0,1,0,0,0,0,0
425,CH3OCH2CN,Methoxyacetonitrile,71.079,0,,2.98,10,5,5,0,0,5,0,0,0,0,0,3,0,1,0,1,0,0,0,0,0
426,H2NCH2COOH,Glycine,75.067,0,,1.095,10,5,5,0,0,5,0,0,0,0,0,2,0,1,0,2,0,0,0,0,0
427,C4H4O2,2(5H)-Furanone,84.074,0,,4.905,10,4,6,0,0,4,0,0,0,0,0,4,0,0,0,2,0,0,0,0,0
428,C4H4O2,"2-Oxetanone, 4-methylene-",84.074,0,,3.53,10,4,6,0,0,4,0,0,0,0,0,4,0,0,0,2,0,0,0,0,0
429,CH3PHCH3,dimethylphosphine,62.051762,0,,1.23,10,7,3,0,0,7,0,0,0,0,0,2,0,1,0,0,0,0,0,0,0
430,C3H6S,"Thiirane, methyl-",74.141,0,,1.95,10,6,4,0,0,6,0,0,0,0,0,3,0,0,0,1,0,0,0,0,0
431,C3H6S,Thietane,74.141,0,,1.876,10,6,4,0,0,6,0,0,0,0,0,3,0,0,0,1,0,0,0,0,0
432,CH3SOCH3,Dimethyl sulfoxide,78.129,0,,3.96,10,6,4,0,0,6,0,0,0,0,0,2,0,0,0,2,0,0,0,0,0
433,CH3SO2NH2,methanesulfonamide,95.116,0,,4.59,10,5,5,0,0,5,0,0,0,0,0,1,0,1,0,3,0,0,0,0,0
434,C3H8,Propane,44.097,0,11,0.084,11,8,3,0,0,8,0,0,0,0,0,3,0,0,0,0,0,0,0,0,0
435,C5H6,"1-Buten-3-yne, 2-methyl-",66.103,0,9.05,0.512,11,6,5,0,0,6,0,0,0,0,0,5,0,0,0,0,0,0,0,0,0
436,C5H6,"1,3-Cyclopentadiene",66.103,0,9.05,0.419,11,6,5,0,0,6,0,0,0,0,0,5,0,0,0,0,0,0,0,0,0
437,C5H6,"3-Penten-1-yne, (E)-",66.103,0,9.05,0.662,11,6,5,0,0,6,0,0,0,0,0,5,0,0,0,0,0,0,0,0,0
438,C5H6,Bicyclo[2.1.0]pent-2-ene,66.103,0,9.05,0.401,11,6,5,0,0,6,0,0,0,0,0,5,0,0,0,0,0,0,0,0,0
439,C5H6,Cyclopropylacetylene,66.103,0,9.05,0.892,11,6,5,0,0,6,0,0,0,0,0,5,0,0,0,0,0,0,0,0,0
440,C3H7N,Cyclopropylamine,57.096,0,,1.19,11,7,4,0,0,7,0,0,0,0,0,3,0,1,0,0,0,0,0,0,0
441,C3H7N,Azetidine,57.096,0,,1.34,11,7,4,0,0,7,0,0,0,0,0,3,0,1,0,0,0,0,0,0,0
442,C5H5N,Pyridine,79.102,0,,2.19,11,5,6,0,0,5,0,0,0,0,0,5,0,1,0,0,0,0,0,0,0
443,C5H5N,"E-2,4-pentadienenitrile",79.102,0,,3.96,11,5,6,0,0,5,0,0,0,0,0,5,0,1,0,0,0,0,0,0,0
444,C4H6O,"Furan, 2,5-dihydro-",70.091,0,,1.32,11,6,5,0,0,6,0,0,0,0,0,4,0,0,0,1,0,0,0,0,0
445,C4H6O,Cyclobutanone,70.091,0,,2.99,11,6,5,0,0,6,0,0,0,0,0,4,0,0,0,1,0,0,0,0,0
446,CHOCHCHCH3,2-Butenal,70.091,0,,3.679,11,6,5,0,0,6,0,0,0,0,0,4,0,0,0,1,0,0,0,0,0
447,CH2CHOCHCH2,Vinyl ether,70.091,0,,0.782,11,6,5,0,0,6,0,0,0,0,0,4,0,0,0,1,0,0,0,0,0
448,HCOOC2H5,Ethyl formate,74.079,0,9.9,1.98,11,6,5,0,0,6,0,0,0,0,0,3,0,0,0,2,0,0,0,0,0
449,HCOOC2H5,Ethyl formate,74.079,0,9.9,1.81,11,6,5,0,0,6,0,0,0,0,0,3,0,0,0,2,0,0,0,0,0
450,CH3CH2COOH,Propanoic Acid,74.079,0,9.9,1.75,11,6,5,0,0,6,0,0,0,0,0,3,0,0,0,2,0,0,0,0,0
451,CH3COOCH3,methyl acetate,74.079,0,9.9,1.72,11,6,5,0,0,6,0,0,0,0,0,3,0,0,0,2,0,0,0,0,0
452,C2H5NO3,"Nitric acid, ethyl ester",91.066,0,,3.39,11,5,6,0,0,5,0,0,0,0,0,2,0,1,0,3,0,0,0,0,0
453,C5H4O2,furfural,96.085,0,,3.92,11,4,7,0,0,4,0,0,0,0,0,5,0,0,0,2,0,0,0,0,0
454,C5H4O2,furfural,96.085,0,,3.54,11,4,7,0,0,4,0,0,0,0,0,5,0,0,0,2,0,0,0,0,0
455,CH2FCH2CH3,1-Fluoropropane,62.08740316,0,,2.05,11,7,4,0,0,7,0,0,0,0,0,3,0,0,0,0,0,1,0,0,0
456,CH2FCH2CH3,1-Fluoropropane,62.08740316,0,,1.9,11,7,4,0,0,7,0,0,0,0,0,3,0,0,0,0,0,1,0,0,0
457,CH3CHFCH3,2-Fluoropropane,62.08740316,0,,1.956,11,7,4,0,0,7,0,0,0,0,0,3,0,0,0,0,0,1,0,0,0
458,CH3CF2CH3,"2,2-difluoropropane",80.07780633,0,,2.4,11,6,5,0,0,6,0,0,0,0,0,3,0,0,0,0,0,2,0,0,0
459,CH2FCH2CH2F,"1,3-difluoropropane",80.07780633,0,,2.082,11,6,5,0,0,6,0,0,0,0,0,3,0,0,0,0,0,2,0,0,0
460,CH2FCH2CH2F,"1,3-difluoropropane",80.07780633,0,,1.949,11,6,5,0,0,6,0,0,0,0,0,3,0,0,0,0,0,2,0,0,0
461,SiH2(CH3)2,dimethylsilane,60.171,0,,0.75,5,34,2,0,0,34,0,0,0,0,0,2,0,0,0,0,0,0,0,0,0
462,C4H6S,"Thiophene, 2,5-dihydro-",86.152,0,,1.75,11,6,5,0,0,6,0,0,0,0,0,4,0,0,0,1,0,0,0,0,0
463,CH2CHSCHCH2,Divinyl sulfide,86.152,0,,1.2,11,6,5,0,0,6,0,0,0,0,0,4,0,0,0,1,0,0,0,0,0
464,C2H6O2S,Dimethyl sulfone,94.128,0,,4.49,11,6,5,0,0,6,0,0,0,0,0,2,0,0,0,3,0,0,0,0,0
465,CH3CHClCH3,"Propane, 2-chloro-",78.539,0,,2.17,11,7,4,0,0,7,0,0,0,0,0,3,0,0,0,0,0,1,0,0,0
466,CH2ClCH2CH3,"Propane, 1-chloro-",78.539,0,,1.95,11,7,4,0,0,7,0,0,0,0,0,3,0,0,0,0,0,1,0,0,0
467,CH2ClCH2CH3,"Propane, 1-chloro-",78.539,0,,2.02,11,7,4,0,0,7,0,0,0,0,0,3,0,0,0,0,0,1,0,0,0
468,CH3CCl2CH3,"Propane, 2,2-dichloro-",112.981,0,,2.2,11,6,5,0,0,6,0,0,0,0,0,3,0,0,0,0,0,2,0,0,0
469,CH2ClCH2CH2Cl,"1,3-dichloropropane",112.981,0,,2.08,11,6,5,0,0,6,0,0,0,0,0,3,0,0,0,0,0,2,0,0,0
470,CH3CHBrCH3,i-propyl bromide,122.993,0,,2.21,11,7,4,0,0,7,0,0,0,0,0,3,0,0,0,0,0,1,0,0,0
471,CH3CH2CH2Br,n-propyl bromide,122.993,0,,2.18,11,7,4,0,0,7,0,0,0,0,0,3,0,0,0,0,0,1,0,0,0
472,CH2CHCH2CH3,1-Butene,56.108,0,9.82,0.359,12,8,4,0,0,8,0,0,0,0,0,4,0,0,0,0,0,0,0,0,0
473,CH2C(CH3)CH3,"1-Propene, 2-methyl-",56.108,0,9.82,0.503,12,8,4,0,0,8,0,0,0,0,0,4,0,0,0,0,0,0,0,0,0
474,CH3CHCHCH3,"2-Butene, (E)-",56.108,0,9.82,0,12,8,4,0,0,8,0,0,0,0,0,4,0,0,0,0,0,0,0,0,0
475,CH3CHCHCH3,"2-Butene, (Z)-",56.108,0,9.82,0.257,12,8,4,0,0,8,0,0,0,0,0,4,0,0,0,0,0,0,0,0,0
476,C4H8,methylcyclopropane,56.108,0,9.82,0.139,12,8,4,0,0,8,0,0,0,0,0,4,0,0,0,0,0,0,0,0,0
477,C6H6,Fulvene,78.114,0,8.9,0.424,12,6,6,0,0,6,0,0,0,0,0,6,0,0,0,0,0,0,0,0,0
478,C6H6,Benzene,78.114,0,8.9,0,12,6,6,0,0,6,0,0,0,0,0,6,0,0,0,0,0,0,0,0,0
479,C6H6,"2,4-Hexadiyne",78.114,0,8.9,0,12,6,6,0,0,6,0,0,0,0,0,6,0,0,0,0,0,0,0,0,0
480,C6H6,Benzvalene,78.114,0,8.9,0.883,12,6,6,0,0,6,0,0,0,0,0,6,0,0,0,0,0,0,0,0,0
481,C2H8N2,Ethylenediamine,60.1,0,,1.99,12,8,4,0,0,8,0,0,0,0,0,2,0,2,0,0,0,0,0,0,0
482,CH3CH2CH2CN,Butanenitrile,69.107,0,,4.07,12,7,5,0,0,7,0,0,0,0,0,4,0,1,0,0,0,0,0,0,0
483,CH3OC2H5,"Ethane, methoxy-",60.096,0,9.72,1.174,12,8,4,0,0,8,0,0,0,0,0,3,0,0,0,1,0,0,0,0,0
484,C3H7OH,1-Propanol,60.096,0,9.72,1.55,12,8,4,0,0,8,0,0,0,0,0,3,0,0,0,1,0,0,0,0,0
485,C3H7OH,1-Propanol,60.096,0,9.72,1.58,12,8,4,0,0,8,0,0,0,0,0,3,0,0,0,1,0,0,0,0,0
486,CH3CHOHCH3,Isopropyl alcohol,60.096,0,9.72,1.58,12,8,4,0,0,8,0,0,0,0,0,3,0,0,0,1,0,0,0,0,0
487,C3H7NO,dimethylformamide,73.095,0,,3.82,12,7,5,0,0,7,0,0,0,0,0,3,0,1,0,1,0,0,0,0,0
488,C3H6O3,"1,3,5-Trioxane",90.078,0,,2.08,12,6,6,0,0,6,0,0,0,0,0,3,0,0,0,3,0,0,0,0,0
489,C6H5F,Fluorobenzene,96.10440316,0,,1.6,12,5,7,0,0,5,0,0,0,0,0,6,0,0,0,0,0,1,0,0,0
490,C6H4F2,metadifluorobenzene,114.0948063,0,,1.58,12,4,8,0,0,4,0,0,0,0,0,6,0,0,0,0,0,2,0,0,0
491,C2H6O3S,"Sulfurous acid, dimethyl ester",110.127,0,,3.09,12,6,6,0,0,6,0,0,0,0,0,2,0,0,0,4,0,0,0,0,0
492,C6H5Cl,chlorobenzene,112.556,0,,1.78,12,5,7,0,0,5,0,0,0,0,0,6,0,0,0,0,0,1,0,0,0
493,C6H5Br,bromobenzene,157.01,0,,1.7,12,5,7,0,0,5,0,0,0,0,0,6,0,0,0,0,0,1,0,0,0
494,C5H8,"1,3-Butadiene, 2-methyl-",68.119,0,8.6,0.252,13,8,5,0,0,8,0,0,0,0,0,5,0,0,0,0,0,0,0,0,0
495,C5H8,"1,2-Butadiene, 3-methyl-",68.119,0,8.6,0.549,13,8,5,0,0,8,0,0,0,0,0,5,0,0,0,0,0,0,0,0,0
496,C5H8,1-pentyne,68.119,0,8.6,0.853,13,8,5,0,0,8,0,0,0,0,0,5,0,0,0,0,0,0,0,0,0
497,C5H8,Cyclopentene,68.119,0,8.6,0.19,13,8,5,0,0,8,0,0,0,0,0,5,0,0,0,0,0,0,0,0,0
498,C5H8,Bicyclo[2.1.0]pentane,68.119,0,8.6,0.26,13,8,5,0,0,8,0,0,0,0,0,5,0,0,0,0,0,0,0,0,0
499,C5H8,"Cyclobutane, methylene-",68.119,0,8.6,0.514,13,8,5,0,0,8,0,0,0,0,0,5,0,0,0,0,0,0,0,0,0
500,C5H8,Ethenylcyclopropane,68.119,0,8.6,0.502,13,8,5,0,0,8,0,0,0,0,0,5,0,0,0,0,0,0,0,0,0
501,C5H8,"1,3-Pentadiene, (E)-",68.119,0,8.6,0.582,13,8,5,0,0,8,0,0,0,0,0,5,0,0,0,0,0,0,0,0,0
502,C5H8,"1,3-Pentadiene, (Z)-",68.119,0,8.6,0.5,13,8,5,0,0,8,0,0,0,0,0,5,0,0,0,0,0,0,0,0,0
503,N(CH3)3,Trimethylamine,59.112,0,,0.612,3,33,2,0,0,33,0,0,0,0,0,1,0,1,0,0,0,0,0,0,0
504,NH2CH2CH2CH3,1-Propanamine,59.112,0,,1.17,13,9,4,0,0,9,0,0,0,0,0,3,0,1,0,0,0,0,0,0,0
505,CH3CH(NH2)CH3,2-Propanamine,59.112,0,,1.19,13,9,4,0,0,9,0,0,0,0,0,3,0,1,0,0,0,0,0,0,0
506,C6H5CN,phenyl cyanide,103.124,0,,4.515,13,5,8,0,0,5,0,0,0,0,0,7,0,1,0,0,0,0,0,0,0
507,CH3COCH2CH3,2-Butanone,72.107,0,8.64,2.779,13,8,5,0,0,8,0,0,0,0,0,4,0,0,0,1,0,0,0,0,0
508,CHOCH2CH2CH3,Butanal,72.107,0,8.64,2.72,13,8,5,0,0,8,0,0,0,0,0,4,0,0,0,1,0,0,0,0,0
509,C4H8O,"Furan, tetrahydro-",72.107,0,8.64,1.63,13,8,5,0,0,8,0,0,0,0,0,4,0,0,0,1,0,0,0,0,0
510,C6H5OH,phenol,94.113,0,8.51,1.224,13,6,7,0,0,6,0,0,0,0,0,6,0,0,0,1,0,0,0,0,0
511,As(CH3)3,trimethyl arsine,120.026595,0,,0.86,3,33,2,0,0,33,0,0,0,0,0,1,0,1,0,0,0,0,0,0,0
512,B4H10,Tetraborane(10),53.32,0,,0.486,14,10,4,0,0,10,0,0,0,4,0,0,0,0,0,0,0,0,0,0,0
513,B5H9,pentaborane9,63.122,0,,2.13,14,9,5,0,0,9,0,0,0,5,0,0,0,0,0,0,0,0,0,0,0
514,CH3CH2CH2CH3,Butane,58.124,0,10.57,0,14,10,4,0,0,10,0,0,0,0,0,4,0,0,0,0,0,0,0,0,0
515,CH3CH2CH2CH3,Butane,58.124,0,10.57,0.09,14,10,4,0,0,10,0,0,0,0,0,4,0,0,0,0,0,0,0,0,0
516,CH3CH(CH3)CH3,Isobutane,58.124,0,10.57,0.132,14,10,4,0,0,10,0,0,0,0,0,4,0,0,0,0,0,0,0,0,0
517,C6H8,"1,3-Cyclohexadiene",80.13,0,9.44,0.437,14,8,6,0,0,8,0,0,0,0,0,6,0,0,0,0,0,0,0,0,0
518,C6H8,Bicyclo[2.2.0]hex-1(4)-ene,80.13,0,9.44,0,14,8,6,0,0,8,0,0,0,0,0,6,0,0,0,0,0,0,0,0,0
519,C6H8,Bicyclo[3.1.0]hex-2-ene,80.13,0,9.44,0.292,14,8,6,0,0,8,0,0,0,0,0,6,0,0,0,0,0,0,0,0,0
520,C6H5CCH,phenylacetylene,102.136,0,8.6,0.656,14,6,8,0,0,6,0,0,0,0,0,8,0,0,0,0,0,0,0,0,0
521,C6H5NH2,aniline,93.129,0,,1.53,14,7,7,0,0,7,0,0,0,0,0,6,0,1,0,0,0,0,0,0,0
522,C5H8O,Cyclopentanone,84.118,0,,3.25,14,8,6,0,0,8,0,0,0,0,0,5,0,0,0,1,0,0,0,0,0
523,C5H8O,Methyl cyclopropyl ketone,84.118,0,,2.62,14,8,6,0,0,8,0,0,0,0,0,5,0,0,0,1,0,0,0,0,0
524,C4H8O2,Ethyl acetate,88.106,0,,1.78,14,8,6,0,0,8,0,0,0,0,0,4,0,0,0,2,0,0,0,0,0
525,C4H8O2,"1,3-Dioxane",88.106,0,,2.06,14,8,6,0,0,8,0,0,0,0,0,4,0,0,0,2,0,0,0,0,0
526,C6H5CHO,benzaldehyde,106.124,0,,3.14,14,6,8,0,0,6,0,0,0,0,0,7,0,0,0,1,0,0,0,0,0
527,C6H5NO2,Nitrobenzene,123.111,0,,4.22,14,5,9,0,0,5,0,0,0,0,0,6,0,1,0,2,0,0,0,0,0
528,C4H9F,1-fluorobutane,76.11440316,0,,1.81,14,9,5,0,0,9,0,0,0,0,0,4,0,0,0,0,0,1,0,0,0
529,SiH(CH3)3,trimethylsilane,74.198,0,,0.525,4,34,2,0,0,34,0,0,0,0,0,2,0,0,0,0,0,0,0,0,0
530,CH3CHClCH2CH3,"Butane, 2-chloro-",92.566,0,,2.04,14,9,5,0,0,9,0,0,0,0,0,4,0,0,0,0,0,1,0,0,0
531,CH2ClCH2CH2CH3,"Butane, 1-chloro-",92.566,0,,2.05,14,9,5,0,0,9,0,0,0,0,0,4,0,0,0,0,0,1,0,0,0
532,CH3CCl(CH3)CH3,"Propane, 2-chloro-2-methyl-",92.566,0,,2.13,14,9,5,0,0,9,0,0,0,0,0,4,0,0,0,0,0,1,0,0,0
533,C4H8Cl2,"1,4-Dichlorobutane",127.008,0,,2.22,14,8,6,0,0,8,0,0,0,0,0,4,0,0,0,0,0,2,0,0,0
534,C5H10,"2-Pentene, (Z)-",70.135,0,9.02,0.283,15,10,5,0,0,10,0,0,0,0,0,5,0,0,0,0,0,0,0,0,0
535,CH2CHCH2CH2CH3,1-pentene,70.135,0,9.02,0.391,15,10,5,0,0,10,0,0,0,0,0,5,0,0,0,0,0,0,0,0,0
536,C5H10,"Cyclopropane, 1,1-dimethyl-",70.135,0,9.02,0.142,15,10,5,0,0,10,0,0,0,0,0,5,0,0,0,0,0,0,0,0,0
537,C6H5CH3,toluene,92.141,0,8.8,0.332,15,8,7,0,0,8,0,0,0,0,0,7,0,0,0,0,0,0,0,0,0
538,C7H8,cycloheptatriene,92.141,0,8.8,0.25,15,8,7,0,0,8,0,0,0,0,0,7,0,0,0,0,0,0,0,0,0
539,C7H8,Quadricyclane,92.141,0,8.8,0.02,15,8,7,0,0,8,0,0,0,0,0,7,0,0,0,0,0,0,0,0,0
540,C5H9N,Pentanenitrile,83.134,0,,4.12,15,9,6,0,0,9,0,0,0,0,0,5,0,1,0,0,0,0,0,0,0
541,C5H9N,"Propanenitrile, 2,2-dimethyl-",83.134,0,,3.95,15,9,6,0,0,9,0,0,0,0,0,5,0,1,0,0,0,0,0,0,0
542,C4H10O,Methyl propyl ether,74.123,0,9.41,1.107,15,10,5,0,0,10,0,0,0,0,0,4,0,0,0,1,0,0,0,0,0
543,C4H10O,"1-Propanol, 2-methyl-",74.123,0,9.41,1.64,15,10,5,0,0,10,0,0,0,0,0,4,0,0,0,1,0,0,0,0,0
544,C4H10O,"Ethanol, 1,1-dimethyl-",74.123,0,9.41,1.74,15,10,5,0,0,10,0,0,0,0,0,4,0,0,0,1,0,0,0,0,0
545,C4H10O,Ethoxy ethane,74.123,0,9.41,1.15,15,10,5,0,0,10,0,0,0,0,0,4,0,0,0,1,0,0,0,0,0
546,C4H10O,1-Butanol,74.123,0,9.41,1.66,15,10,5,0,0,10,0,0,0,0,0,4,0,0,0,1,0,0,0,0,0
548,C2H5SC2H5,Diethyl sulfide,90.184,0,,1.556,15,10,5,0,0,10,0,0,0,0,0,4,0,0,0,1,0,0,0,0,0
549,C6H10,Bicyclo[3.1.0]hexane,82.146,0,9.44,0.192,16,10,6,0,0,10,0,0,0,0,0,6,0,0,0,0,0,0,0,0,0
550,C6H10,cyclohexene,82.146,0,9.44,0.331,16,10,6,0,0,10,0,0,0,0,0,6,0,0,0,0,0,0,0,0,0
551,C6H10,"1-Butyne, 3,3-dimethyl-",82.146,0,9.44,0.661,16,10,6,0,0,10,0,0,0,0,0,6,0,0,0,0,0,0,0,0,0
552,C6H10,1-Hexyne,82.146,0,9.44,0.83,16,10,6,0,0,10,0,0,0,0,0,6,0,0,0,0,0,0,0,0,0
553,C8H8,cubane,104.152,0,8.46,0,16,8,8,0,0,8,0,0,0,0,0,8,0,0,0,0,0,0,0,0,0
555,NH(C2H5)2,diethylamine,73.139,0,,0.92,5,53,3,0,0,53,0,0,0,0,0,2,0,1,0,0,0,0,0,0,0
556,C5H10O,"2H-Pyran, tetrahydro-",86.134,0,,1.74,16,10,6,0,0,10,0,0,0,0,0,5,0,0,0,1,0,0,0,0,0
557,C6H5OCH3,Anisole,108.14,0,,1.262,16,8,8,0,0,8,0,0,0,0,0,7,0,0,0,1,0,0,0,0,0
558,C5H10S,"2H-Thiopyran, tetrahydro-",102.195,0,,1.781,16,10,6,0,0,10,0,0,0,0,0,5,0,0,0,1,0,0,0,0,0
559,C5H12,"Butane, 2-methyl-",72.151,0,10.37,0.13,17,12,5,0,0,12,0,0,0,0,0,5,0,0,0,0,0,0,0,0,0
560,C5H12,"Propane, 2,2-dimethyl-",72.151,0,10.37,0,17,12,5,0,0,12,0,0,0,0,0,5,0,0,0,0,0,0,0,0,0
561,C9H8,Indene,116.163,0,,0.62,17,8,9,0,0,8,0,0,0,0,0,9,0,0,0,0,0,0,0,0,0
562,C5H11N,Piperidine,85.15,0,,0.82,17,11,6,0,0,11,0,0,0,0,0,5,0,1,0,0,0,0,0,0,0
563,C5H11N,Piperidine,85.15,0,,1.189,17,11,6,0,0,11,0,0,0,0,0,5,0,1,0,0,0,0,0,0,0
564,C6H10O,cyclohexanone,98.145,0,,3.02,17,10,7,0,0,10,0,0,0,0,0,6,0,0,0,1,0,0,0,0,0
565,CH3COC6H5,acetophenone,120.151,0,,3.02,17,8,9,0,0,8,0,0,0,0,0,8,0,0,0,1,0,0,0,0,0
566,Si(CH3)4,tetramethylsilane,88.225,0,,0,3,34,2,0,0,34,0,0,0,0,0,2,0,0,0,0,0,0,0,0,0
567,C5H11Cl,"Pentane, 1-chloro-",106.593,0,,2.16,17,11,6,0,0,11,0,0,0,0,0,5,0,0,0,0,0,1,0,0,0
568,C6H5CH2CH3,Ethylbenzene,106.168,0,8.44,0.59,18,10,8,0,0,10,0,0,0,0,0,8,0,0,0,0,0,0,0,0,0
569,C10H8,Azulene,128.174,0,,0.882,18,8,10,0,0,8,0,0,0,0,0,10,0,0,0,0,0,0,0,0,0
570,C7H12,Norbornane,96.173,0,,0.091,19,12,7,0,0,12,0,0,0,0,0,7,0,0,0,0,0,0,0,0,0
571,C6H12O,hexanal,100.161,0,,2.619,19,12,7,0,0,12,0,0,0,0,0,6,0,0,0,1,0,0,0,0,0
572,C3H7OC3H7,di-n-propyl ether,102.177,0,,1.21,21,14,7,0,0,14,0,0,0,0,0,6,0,0,0,1,0,0,0,0,0
573,C6H15N,triethylamine,101.193,0,,0.66,22,15,7,0,0,15,0,0,0,0,0,6,0,1,0,0,0,0,0,0,0
